{
    "MINDLIN": {
        "20.0": {
            "CISA_L": 205.38461538461962,
            "CISA_T": 205.38461538461962,
            "FLEX_G_LT": 4880554.615384742,
            "FLEX_L": 13944441.758250544,
            "FLEX_LT": 4183332.5274810633,
            "FLEX_T": 13944441.758250544,
            "MEMB_G_LT": 205.38461538461962,
            "MEMB_L": 586.8131868139684,
            "MEMB_LT": 176.04395604472916,
            "MEMB_T": 586.8131868139684,
            "TEMP": 20.0,
            "TEMP_DEF_ALPHA": 20.0
        }
    },
    "TOURATIER": {
        "20.0": {
            "CISA_L": 205.38513796804276,
            "CISA_T": 205.3851379681041,
            "FLEX_G_LT": 4880554.615384742,
            "FLEX_L": 13944441.758250544,
            "FLEX_LT": 4183332.5274810633,
            "FLEX_T": 13944441.758250544,
            "MEMB_G_LT": 205.38461538461962,
            "MEMB_L": 586.8131868139684,
            "MEMB_LT": 176.04395604472916,
            "MEMB_T": 586.8131868139684,
            "TEMP": 20.0,
            "TEMP_DEF_ALPHA": 20.0
        }
    }
}
