{
    "LOVE": {
        "20.0": {
            "FLEX_G_LT": 46497853.846153334,
            "FLEX_L": 132851010.9889861,
            "FLEX_LT": 39855303.29667945,
            "FLEX_T": 132851010.9889861,
            "MEMB_G_LT": 1361.5384615384014,
            "MEMB_L": 3890.109890107406,
            "MEMB_LT": 1167.0329670306023,
            "MEMB_T": 3890.109890107406,
            "TEMP": 20.0,
            "TEMP_DEF_ALPHA": 20.0
        }
    },
    "MINDLIN": {
        "20.0": {
            "CISA_L": 469.9031046091913,
            "CISA_T": 469.90310460600966,
            "FLEX_G_LT": 46497853.846153334,
            "FLEX_L": 132851010.98898536,
            "FLEX_LT": 39855303.29667864,
            "FLEX_T": 132851010.98898533,
            "MEMB_G_LT": 1361.5384615384014,
            "MEMB_L": 3890.109890107214,
            "MEMB_LT": 1167.0329670304113,
            "MEMB_T": 3890.1098901072146,
            "TEMP": 20.0,
            "TEMP_DEF_ALPHA": 20.0
        }
    },
    "TOURATIER": {
        "20.0": {
            "CISA_L": 469.9039613773639,
            "CISA_T": 469.9039613765836,
            "FLEX_G_LT": 46497853.846153334,
            "FLEX_L": 132851010.98898536,
            "FLEX_LT": 39855303.29667864,
            "FLEX_T": 132851010.98898533,
            "MEMB_G_LT": 1361.5384615384014,
            "MEMB_L": 3890.109890107214,
            "MEMB_LT": 1167.0329670304113,
            "MEMB_T": 3890.1098901072146,
            "TEMP": 20.0,
            "TEMP_DEF_ALPHA": 20.0
        }
    }
}
