{
 "20.0": {
  "FLEX_G_LT": 983454.7880336661,
  "FLEX_L": 5564209.448828925,
  "FLEX_LT": 984686.1583745392,
  "FLEX_T": 5564280.12956396,
  "MEMB_G_LT": 41.38276171357118,
  "MEMB_L": 234.33759300052225,
  "MEMB_LT": 41.25783368667984,
  "MEMB_T": 234.3402205222281,
  "TEMP": 20.0,
  "TEMP_DEF_ALPHA": 20.0
 }
}
